provincia,mes_num,pedidos,ventas_usd,mediana_usd,reclamos,a_tiempo,mediana_min,q1,q3,pct_express,mes,dias,ventas_dia,ticket_usd,ric_min,base_ventas_usd,base_ventas_dia,base_ticket_usd,meta_usd,k1,meta_ticket,k2,k3,k3_ic_inf,k3_ic_sup,k4,k5,k5_ic_inf,k5_ic_sup,fuera_plazo,estado_k1,estado_k2,estado_k3,estado_k4,estado_k5,variacion_ventas_pct,variacion_ventas_dia_pct,muestra_pequena
Azuay,1,261,5687.59,19.24,6,259,116.8,99.4,133.3,18.39080459770115,Enero,31,183.47064516129032,21.79153256704981,33.900000000000006,5687.59,183.47064516129032,21.79153256704981,5971.9695,,21.79153256704981,,2.2988505747126435,1.0577296589251293,4.923807984707896,116.8,99.23371647509579,97.24952617049534,99.78960967523284,2,base,base,verde,verde,verde,,,False
Azuay,2,259,5587.81,19.73,1,257,113.9,95.55000000000001,129.95,21.235521235521233,Febrero,28,199.56464285714287,21.574555984555985,34.39999999999998,5687.59,183.47064516129032,21.79153256704981,5394.036967741935,103.59235640053804,21.79153256704981,99.00430783458567,0.3861003861003861,0.06818698910721083,2.1542922531436353,113.9,99.22779922779922,97.22862312682304,99.78798307250004,2,verde,amarillo,verde,verde,verde,-1.7543458652961919,8.771974220564926,False
Azuay,3,284,6565.41,20.73,6,281,114.1,90.44999999999999,131.575,25.352112676056336,Marzo,31,211.7874193548387,23.117640845070422,41.125,5687.59,183.47064516129032,21.79153256704981,5971.9695,109.9370986405741,21.79153256704981,106.085429163554,2.112676056338028,0.9717562640298497,4.531826261914976,114.1,98.94366197183099,96.94077896197291,99.64011830930409,3,verde,verde,verde,verde,verde,17.49522621563724,6.124720452833632,False
Guayas,1,531,14277.7,24.51,24,454,136.7,106.25,161.75,34.463276836158194,Enero,31,460.57096774193553,26.888323917137477,55.5,14277.7,460.57096774193553,26.888323917137477,14991.585000000003,,26.888323917137477,,4.519774011299435,3.055803221746106,6.637085289543965,136.7,85.49905838041431,82.24904535993662,88.23911412503986,77,base,base,amarillo,amarillo,amarillo,,,False
Guayas,2,563,14967.04,24.34,21,486,132.8,101.75,157.25,35.52397868561279,Febrero,28,534.5371428571428,26.584440497335702,55.5,14277.7,460.57096774193553,26.888323917137477,13540.786451612905,110.53301854721451,26.888323917137477,98.86983130395832,3.7300177619893424,2.452388548506575,5.6348090036843725,132.8,86.32326820603907,83.23774935902965,88.91644680441354,77,verde,amarillo,amarillo,amarillo,amarillo,4.828088557680865,16.059669474575223,False
Guayas,3,618,16338.33,24.68,26,540,138.0,102.64999999999999,163.67499999999998,32.68608414239482,Marzo,31,527.0429032258064,26.43742718446602,61.02499999999999,14277.7,460.57096774193553,26.888323917137477,14991.585000000003,108.98333965354561,26.888323917137477,98.32307609034689,4.207119741100324,2.8869736652837776,6.093062408211466,138.0,87.37864077669903,84.52734075420736,89.76810683244491,78,verde,amarillo,amarillo,amarillo,amarillo,9.162065445138111,-1.402005404391382,False
Loja,1,151,3183.1,19.02,7,107,159.4,134.05,189.39999999999998,19.205298013245034,Enero,31,102.68064516129031,21.080132450331124,55.349999999999966,3183.1,102.68064516129031,21.080132450331124,3342.255,,21.080132450331124,,4.635761589403973,2.263414512664922,9.259070400950023,159.4,70.86092715231787,63.16731117214294,77.51942934203413,44,base,base,amarillo,rojo,rojo,,,False
Loja,2,152,3102.87,19.045,10,88,169.0,145.95,201.425,15.131578947368421,Febrero,28,110.81678571428571,20.413618421052632,55.47500000000002,3183.1,102.68064516129031,21.080132450331124,3018.810967741935,102.78450797868078,21.080132450331124,96.83818860792773,6.578947368421052,3.612441662263905,11.686169234954807,169.0,57.89473684210527,49.9458918610539,65.45436070308817,64,verde,amarillo,rojo,rojo,rojo,-2.520498884735012,7.923733377614828,False
Loja,3,144,2939.05,18.880000000000003,4,88,166.25,131.825,195.72500000000002,15.972222222222221,Marzo,31,94.80806451612904,20.410069444444446,63.900000000000034,3183.1,102.68064516129031,21.080132450331124,3342.255,87.93613892416946,21.080132450331124,96.8213529612991,2.7777777777777777,1.0853942365456264,6.92425933863213,166.25,61.111111111111114,52.958755566746106,68.68603182732971,56,amarillo,amarillo,verde,rojo,rojo,-5.279628215168531,-14.446115807248994,False
Manabí,1,225,5146.96,21.03,19,150,153.1,112.8,194.8,20.444444444444446,Enero,31,166.03096774193548,22.87537777777778,82.00000000000001,5146.96,166.03096774193548,22.87537777777778,5404.308,,22.87537777777778,,8.444444444444445,5.472521269573429,12.811566938165026,153.1,66.66666666666666,60.27271070569831,72.50105070831032,75,base,base,rojo,rojo,rojo,,,False
Manabí,2,223,5105.34,21.07,8,161,155.0,115.30000000000001,184.3,24.2152466367713,Febrero,28,182.33357142857145,22.893901345291482,69.0,5146.96,166.03096774193548,22.87537777777778,4881.310451612903,104.58953698208381,22.87537777777778,100.08097600701353,3.587443946188341,1.828797593287521,6.918098919521416,155.0,72.19730941704036,65.9788844408358,77.66390418347297,62,verde,verde,amarillo,rojo,rojo,-0.808632668604381,9.819013831188016,False
Manabí,3,261,5896.33,20.8,20,167,159.4,122.6,200.8,21.839080459770116,Marzo,31,190.20419354838708,22.591302681992335,78.20000000000002,5146.96,166.03096774193548,22.87537777777778,5404.308,109.10425534592032,22.87537777777778,98.7581621665658,7.662835249042145,5.014961759337804,11.538933097059378,159.4,63.984674329501914,57.99671075304226,69.56693483737858,94,verde,amarillo,rojo,rojo,rojo,15.493385357292567,4.316606129167466,False
Pichincha,1,467,12165.95,23.19,9,440,124.6,93.1,145.2,34.04710920770878,Enero,31,392.45000000000005,26.051284796573878,52.099999999999994,12165.95,392.45000000000005,26.051284796573878,12774.247500000001,,26.051284796573878,,1.9271948608137044,1.0171393851910395,3.621703062035374,124.6,94.21841541755889,91.71879829816358,95.99647579826292,27,base,base,verde,amarillo,verde,,,False
Pichincha,2,483,12934.03,24.88,11,460,123.3,94.25,148.45,35.196687370600415,Febrero,28,461.9296428571429,26.778530020703936,54.19999999999999,12165.95,392.45000000000005,26.051284796573878,11538.03,112.09911917372378,26.051284796573878,102.79159062521823,2.2774327122153206,1.276336643054382,4.03167319012339,123.3,95.23809523809523,92.95601774558683,96.8062375752403,23,verde,verde,verde,amarillo,verde,6.3133581841122055,17.704075132409947,False
Pichincha,3,546,14668.06,24.755,7,514,129.1,99.65,151.67499999999998,34.065934065934066,Marzo,31,473.1632258064516,26.864578754578755,52.02499999999998,12165.95,392.45000000000005,26.051284796573878,12774.247500000001,114.8252372595724,26.051284796573878,103.12189576965447,1.282051282051282,0.6223757396612111,2.6224860532624237,129.1,94.13919413919413,91.84336746104292,95.81824271905259,32,verde,verde,verde,amarillo,verde,13.406726287166482,2.4318818077632587,False
Tungurahua,1,202,4494.59,19.91,3,194,114.55000000000001,89.575,133.475,22.277227722772277,Enero,31,144.9867741935484,22.250445544554456,43.89999999999999,4494.59,144.9867741935484,22.250445544554456,4719.3195000000005,,22.250445544554456,,1.4851485148514851,0.5063383108685288,4.274813798326114,114.55000000000001,96.03960396039604,92.38094270597672,97.97980070060387,8,base,base,verde,verde,verde,,,False
Tungurahua,2,219,4603.36,19.08,3,218,108.3,88.05000000000001,127.6,20.091324200913242,Febrero,28,164.40571428571428,21.019908675799087,39.54999999999998,4494.59,144.9867741935484,22.250445544554456,4262.611161290323,107.99389918095483,22.250445544554456,94.46960796227054,1.36986301369863,0.4669426392183703,3.9494679412118536,108.3,99.54337899543378,97.45923467541101,99.91935172856383,1,verde,rojo,verde,verde,verde,2.4200205135507247,13.393594140002584,False
Tungurahua,3,209,4879.21,21.5,2,201,110.9,83.3,131.6,27.27272727272727,Marzo,31,157.39387096774195,23.345502392344496,48.3,4494.59,144.9867741935484,22.250445544554456,4719.3195000000005,103.3879990536771,22.250445544554456,104.92150525973645,0.9569377990430622,0.2628148299936312,3.4214273482271684,110.9,96.17224880382776,92.62985922100549,98.04790302096225,8,verde,verde,verde,verde,verde,5.992362100726445,-4.264963263859989,False
